Value 1,Value 2,Result, 
962,224,4.294642857,
949,791,1.199747155,
226,932,0.24248927,
103,522,0.197318008,
768,532,1.443609023,
358,119,3.008403361,
574,922,0.622559653,
626,774,0.80878553,
128,718,0.178272981,
173,420,0.411904762,
10,546,0.018315018,
827,325,2.544615385,
851,784,1.085459184,
611,944,0.647245763,
209,874,0.239130435,
493,102,4.833333333,
87,701,0.124108417,
808,616,1.311688312,
